<!--
 @license
 Zimbra Seafile Zimlet

 Copyright 2016 Deltanoc Ltd.
 Copyright 2016 Seafile Ltd. All Rights Reserved.

 Licensed under the Apache License, Version 2.0 (the "License");
 you may not use this file except in compliance with the License.
 You may obtain a copy of the License at

    http://www.apache.org/licenses/LICENSE-2.0

 Unless required by applicable law or agreed to in writing, software
 distributed under the License is distributed on an "AS IS" BASIS,
 WITHOUT WARRANTIES OR CONDITIONS OF ANY KIND, either express or implied.
 See the License for the specific language governing permissions and
 limitations under the License.
-->
<zimlet name="com_zimbra_seafile" version="0.1" description="Zimbra seafile plugins">
    <include>jquery-1.12.0.min.js</include>
    <include>jstree.js</include>
    <include>file-tree.js</include>
    <include>file-icon.js</include>
    <include>com_zimbra_seafile.js</include>
    <include>mime.js</include>
    <include>templates/Tab.template.js</include>
    <includeCSS>seafile.css</includeCSS>
    <handlerObject>com_zimbra_seafile_HandlerObject</handlerObject>
    <dragSource type="ZmConv" />
    <dragSource type="ZmMailMsg" />
</zimlet>
